{
  "models": [
    "random_forest",
    "decision_tree",
    "linear_regression"
  ],
  "default_model": "random_forest",
  "feature_names": [
    "age",
    "gender_encoded",
    "bmi",
    "kids",
    "smoker_int",
    "location_encoded",
    "income_encoded",
    "employment_encoded",
    "health_score",
    "exercise_frequency",
    "education_encoded",
    "marital_encoded",
    "years_insured"
  ],
  "encoders": [
    "gender",
    "location",
    "income",
    "employment",
    "education",
    "marital"
  ],
  "metrics": {
    "random_forest": {
      "train_r2": 0.9953265199105128,
      "test_r2": 0.9596500710065151,
      "train_rmse": 836.9709802135864,
      "test_rmse": 2313.1918290723293,
      "train_mae": 375.5558220111924,
      "test_mae": 913.4064393939444
    },
    "decision_tree": {
      "train_r2": 0.9889501015758021,
      "test_r2": 0.9433907417565048,
      "train_rmse": 1286.9727303120778,
      "test_rmse": 2739.895469995609,
      "train_mae": 480.83313105217906,
      "test_mae": 941.7310779031719
    },
    "linear_regression": {
      "train_r2": 0.8878643043581286,
      "test_r2": 0.8745986273340585,
      "train_rmse": 4099.795010965975,
      "test_rmse": 4077.94540647866,
      "train_mae": 2423.778758408197,
      "test_mae": 2382.0124453333974
    }
  },
  "training_data": {
    "source": "india_labeled_public_csv",
    "datasets": [
      "numasive_indian_health",
      "ybi_indian_premium"
    ],
    "row_count": 2676
  }
}